{
  "id": "3173509",
  "name": "shop",
  "font_family": "iconfont",
  "css_prefix_text": "icon-",
  "description": "",
  "glyphs": [
    {
      "icon_id": "15838406",
      "name": "column-3",
      "font_class": "3column",
      "unicode": "e663",
      "unicode_decimal": 58979
    },
    {
      "icon_id": "15838424",
      "name": "add",
      "font_class": "add1",
      "unicode": "e664",
      "unicode_decimal": 58980
    },
    {
      "icon_id": "15838514",
      "name": "minus",
      "font_class": "minus",
      "unicode": "e67a",
      "unicode_decimal": 59002
    },
    {
      "icon_id": "6171371",
      "name": "选择",
      "font_class": "xuanze",
      "unicode": "e622",
      "unicode_decimal": 58914
    },
    {
      "icon_id": "8897308",
      "name": "退出",
      "font_class": "tuichu",
      "unicode": "e66e",
      "unicode_decimal": 58990
    },
    {
      "icon_id": "5387655",
      "name": "收藏",
      "font_class": "shoucang",
      "unicode": "eb26",
      "unicode_decimal": 60198
    },
    {
      "icon_id": "11372691",
      "name": "筛选",
      "font_class": "shaixuan",
      "unicode": "e8b6",
      "unicode_decimal": 59574
    },
    {
      "icon_id": "15838581",
      "name": "arrow-up-filling",
      "font_class": "arrow-up-filling",
      "unicode": "e688",
      "unicode_decimal": 59016
    },
    {
      "icon_id": "15838582",
      "name": "arrow-down-filling",
      "font_class": "arrow-down-filling",
      "unicode": "e689",
      "unicode_decimal": 59017
    },
    {
      "icon_id": "240129",
      "name": "hot",
      "font_class": "hot",
      "unicode": "e758",
      "unicode_decimal": 59224
    },
    {
      "icon_id": "1305401",
      "name": "历史",
      "font_class": "lishi",
      "unicode": "e63b",
      "unicode_decimal": 58939
    },
    {
      "icon_id": "6337455",
      "name": "点赞",
      "font_class": "dianzan",
      "unicode": "ec7f",
      "unicode_decimal": 60543
    },
    {
      "icon_id": "248923",
      "name": "back",
      "font_class": "back",
      "unicode": "e662",
      "unicode_decimal": 58978
    },
    {
      "icon_id": "26615695",
      "name": "电视机，新闻，信息",
      "font_class": "a-dianshijixinwenxinxi",
      "unicode": "e75b",
      "unicode_decimal": 59227
    },
    {
      "icon_id": "26615760",
      "name": "衣服，风格，主题",
      "font_class": "a-yifufenggezhuti",
      "unicode": "e764",
      "unicode_decimal": 59236
    },
    {
      "icon_id": "26615768",
      "name": "钻石",
      "font_class": "zuanshi",
      "unicode": "e765",
      "unicode_decimal": 59237
    },
    {
      "icon_id": "26655036",
      "name": "树，果树，植物，自然，节能减排，二氧化碳",
      "font_class": "a-shuguoshuzhiwuziranjienengjianpaieryanghuatan",
      "unicode": "e775",
      "unicode_decimal": 59253
    },
    {
      "icon_id": "26655079",
      "name": "购物袋，购物",
      "font_class": "a-gouwudaigouwu",
      "unicode": "e77a",
      "unicode_decimal": 59258
    },
    {
      "icon_id": "6446311",
      "name": "购物车",
      "font_class": "tianchongxing-",
      "unicode": "e641",
      "unicode_decimal": 58945
    },
    {
      "icon_id": "1318912",
      "name": "便利店",
      "font_class": "gouwu",
      "unicode": "e677",
      "unicode_decimal": 58999
    },
    {
      "icon_id": "11372658",
      "name": "订单",
      "font_class": "dingdan",
      "unicode": "e8ae",
      "unicode_decimal": 59566
    },
    {
      "icon_id": "11372680",
      "name": "排行榜",
      "font_class": "paihangbang",
      "unicode": "e8b3",
      "unicode_decimal": 59571
    },
    {
      "icon_id": "11372696",
      "name": "社区",
      "font_class": "shequ",
      "unicode": "e8b8",
      "unicode_decimal": 59576
    },
    {
      "icon_id": "11372703",
      "name": "首页",
      "font_class": "shouye",
      "unicode": "e8b9",
      "unicode_decimal": 59577
    },
    {
      "icon_id": "11372706",
      "name": "搜索",
      "font_class": "sousuo",
      "unicode": "e8ba",
      "unicode_decimal": 59578
    },
    {
      "icon_id": "11372733",
      "name": "小蜜",
      "font_class": "xiaomi",
      "unicode": "e8bf",
      "unicode_decimal": 59583
    },
    {
      "icon_id": "11742010",
      "name": "采购申请",
      "font_class": "tubiaozhizuomoban",
      "unicode": "e62e",
      "unicode_decimal": 58926
    }
  ]
}
